--
-- PostgreSQL database dump
--

-- Dumped from database version 13.5
-- Dumped by pg_dump version 13.5

SET statement_timeout = 0;
SET lock_timeout = 0;
SET idle_in_transaction_session_timeout = 0;
SET client_encoding = 'UTF8';
SET standard_conforming_strings = on;
SELECT pg_catalog.set_config('search_path', '', false);
SET check_function_bodies = false;
SET xmloption = content;
SET client_min_messages = warning;
SET row_security = off;

--
-- Name: project1; Type: SCHEMA; Schema: -; Owner: postgres
--

CREATE SCHEMA project1;


ALTER SCHEMA project1 OWNER TO postgres;

SET default_tablespace = '';

SET default_table_access_method = heap;

--
-- Name: ers_reimbursement; Type: TABLE; Schema: project1; Owner: postgres
--

CREATE TABLE project1.ers_reimbursement (
    reimb_id integer NOT NULL,
    reimb_amount double precision,
    reimb_submitted timestamp without time zone,
    reimb_resolved timestamp without time zone,
    reimb_receipt bytea,
    reimb_author integer,
    reimb_resolver integer,
    reimb_status_id integer,
    reimb_type_id integer,
    reimb_description character varying(250)
);


ALTER TABLE project1.ers_reimbursement OWNER TO postgres;

--
-- Name: ers_reimbursement_reimb_id_seq; Type: SEQUENCE; Schema: project1; Owner: postgres
--

ALTER TABLE project1.ers_reimbursement ALTER COLUMN reimb_id ADD GENERATED BY DEFAULT AS IDENTITY (
    SEQUENCE NAME project1.ers_reimbursement_reimb_id_seq
    START WITH 1
    INCREMENT BY 1
    NO MINVALUE
    NO MAXVALUE
    CACHE 1
);


--
-- Name: ers_reimbursement_status; Type: TABLE; Schema: project1; Owner: postgres
--

CREATE TABLE project1.ers_reimbursement_status (
    reimb_status_id integer NOT NULL,
    reimb_status character varying(10)
);


ALTER TABLE project1.ers_reimbursement_status OWNER TO postgres;

--
-- Name: ers_reimbursement_status_reimb_status_id_seq; Type: SEQUENCE; Schema: project1; Owner: postgres
--

ALTER TABLE project1.ers_reimbursement_status ALTER COLUMN reimb_status_id ADD GENERATED BY DEFAULT AS IDENTITY (
    SEQUENCE NAME project1.ers_reimbursement_status_reimb_status_id_seq
    START WITH 1
    INCREMENT BY 1
    NO MINVALUE
    NO MAXVALUE
    CACHE 1
);


--
-- Name: ers_reimbursement_type; Type: TABLE; Schema: project1; Owner: postgres
--

CREATE TABLE project1.ers_reimbursement_type (
    reimb_type_id integer NOT NULL,
    reimb_type character varying(10)
);


ALTER TABLE project1.ers_reimbursement_type OWNER TO postgres;

--
-- Name: ers_reimbursement_type_reimb_type_id_seq; Type: SEQUENCE; Schema: project1; Owner: postgres
--

ALTER TABLE project1.ers_reimbursement_type ALTER COLUMN reimb_type_id ADD GENERATED BY DEFAULT AS IDENTITY (
    SEQUENCE NAME project1.ers_reimbursement_type_reimb_type_id_seq
    START WITH 1
    INCREMENT BY 1
    NO MINVALUE
    NO MAXVALUE
    CACHE 1
);


--
-- Name: ers_user_roles; Type: TABLE; Schema: project1; Owner: postgres
--

CREATE TABLE project1.ers_user_roles (
    ers_user_role_id integer NOT NULL,
    user_role character varying(10)
);


ALTER TABLE project1.ers_user_roles OWNER TO postgres;

--
-- Name: ers_user_roles_ers_user_role_id_seq; Type: SEQUENCE; Schema: project1; Owner: postgres
--

ALTER TABLE project1.ers_user_roles ALTER COLUMN ers_user_role_id ADD GENERATED BY DEFAULT AS IDENTITY (
    SEQUENCE NAME project1.ers_user_roles_ers_user_role_id_seq
    START WITH 1
    INCREMENT BY 1
    NO MINVALUE
    NO MAXVALUE
    CACHE 1
);


--
-- Name: ers_users; Type: TABLE; Schema: project1; Owner: postgres
--

CREATE TABLE project1.ers_users (
    ers_users_id integer NOT NULL,
    user_role_id integer,
    ers_username character varying(50),
    ers_password character varying(50),
    user_first_name character varying(100),
    user_last_name character varying(100),
    user_email character varying(150)
);


ALTER TABLE project1.ers_users OWNER TO postgres;

--
-- Name: ers_users_ers_users_id_seq; Type: SEQUENCE; Schema: project1; Owner: postgres
--

ALTER TABLE project1.ers_users ALTER COLUMN ers_users_id ADD GENERATED ALWAYS AS IDENTITY (
    SEQUENCE NAME project1.ers_users_ers_users_id_seq
    START WITH 1000
    INCREMENT BY 1
    MINVALUE 1000
    NO MAXVALUE
    CACHE 1
);


--
-- Data for Name: ers_reimbursement; Type: TABLE DATA; Schema: project1; Owner: postgres
--

COPY project1.ers_reimbursement (reimb_id, reimb_amount, reimb_submitted, reimb_resolved, reimb_receipt, reimb_author, reimb_resolver, reimb_status_id, reimb_type_id, reimb_description) FROM stdin;
6	1000	2022-01-13 00:00:00	\N	\\x0b172b	1024	\N	1	3	For food reimbursement
7	1101	2022-01-13 00:00:00	\N	\\x0b172b0b172b	1024	\N	1	2	Travel reimbursement for work purpose
8	1101	2022-01-13 00:00:00	\N	\\x0b172b0b172b	1007	\N	1	2	Travel reimbursement for work purpose
9	2500.75	2022-01-13 00:00:00	\N	\\x0b142b0b0a2b	1007	\N	1	1	Loding reimb
\.


--
-- Data for Name: ers_reimbursement_status; Type: TABLE DATA; Schema: project1; Owner: postgres
--

COPY project1.ers_reimbursement_status (reimb_status_id, reimb_status) FROM stdin;
1	PENDING
2	APPROVED
3	DENIED
\.


--
-- Data for Name: ers_reimbursement_type; Type: TABLE DATA; Schema: project1; Owner: postgres
--

COPY project1.ers_reimbursement_type (reimb_type_id, reimb_type) FROM stdin;
1	LODGING
2	TRAVEL
3	FOOD
4	OTHER
\.


--
-- Data for Name: ers_user_roles; Type: TABLE DATA; Schema: project1; Owner: postgres
--

COPY project1.ers_user_roles (ers_user_role_id, user_role) FROM stdin;
1	EMPLOYEE
2	FMANAGER
\.


--
-- Data for Name: ers_users; Type: TABLE DATA; Schema: project1; Owner: postgres
--

COPY project1.ers_users (ers_users_id, user_role_id, ers_username, ers_password, user_first_name, user_last_name, user_email) FROM stdin;
1007	2	nancy23	1234	Amisha	Rastogi	abc@abc.abc
1020	1	priya	priya123	priya	sharma	pqr@google.com
1014	1	ABC	1234Qwerty	Abc	Bcd	abc@bcd.com
1024	1	test3	testpass	test	rastogi	test@bcd.com
\.


--
-- Name: ers_reimbursement_reimb_id_seq; Type: SEQUENCE SET; Schema: project1; Owner: postgres
--

SELECT pg_catalog.setval('project1.ers_reimbursement_reimb_id_seq', 9, true);


--
-- Name: ers_reimbursement_status_reimb_status_id_seq; Type: SEQUENCE SET; Schema: project1; Owner: postgres
--

SELECT pg_catalog.setval('project1.ers_reimbursement_status_reimb_status_id_seq', 1, false);


--
-- Name: ers_reimbursement_type_reimb_type_id_seq; Type: SEQUENCE SET; Schema: project1; Owner: postgres
--

SELECT pg_catalog.setval('project1.ers_reimbursement_type_reimb_type_id_seq', 1, false);


--
-- Name: ers_user_roles_ers_user_role_id_seq; Type: SEQUENCE SET; Schema: project1; Owner: postgres
--

SELECT pg_catalog.setval('project1.ers_user_roles_ers_user_role_id_seq', 1, false);


--
-- Name: ers_users_ers_users_id_seq; Type: SEQUENCE SET; Schema: project1; Owner: postgres
--

SELECT pg_catalog.setval('project1.ers_users_ers_users_id_seq', 1025, true);


--
-- Name: ers_reimbursement ers_reimbursement_pkey; Type: CONSTRAINT; Schema: project1; Owner: postgres
--

ALTER TABLE ONLY project1.ers_reimbursement
    ADD CONSTRAINT ers_reimbursement_pkey PRIMARY KEY (reimb_id);


--
-- Name: ers_reimbursement_status ers_reimbursement_status_pkey; Type: CONSTRAINT; Schema: project1; Owner: postgres
--

ALTER TABLE ONLY project1.ers_reimbursement_status
    ADD CONSTRAINT ers_reimbursement_status_pkey PRIMARY KEY (reimb_status_id);


--
-- Name: ers_reimbursement_type ers_reimbursement_type_pkey; Type: CONSTRAINT; Schema: project1; Owner: postgres
--

ALTER TABLE ONLY project1.ers_reimbursement_type
    ADD CONSTRAINT ers_reimbursement_type_pkey PRIMARY KEY (reimb_type_id);


--
-- Name: ers_user_roles ers_user_roles_pkey; Type: CONSTRAINT; Schema: project1; Owner: postgres
--

ALTER TABLE ONLY project1.ers_user_roles
    ADD CONSTRAINT ers_user_roles_pkey PRIMARY KEY (ers_user_role_id);


--
-- Name: ers_users ers_users_pkey; Type: CONSTRAINT; Schema: project1; Owner: postgres
--

ALTER TABLE ONLY project1.ers_users
    ADD CONSTRAINT ers_users_pkey PRIMARY KEY (ers_users_id);


--
-- Name: ers_users ers_users_unv1; Type: CONSTRAINT; Schema: project1; Owner: postgres
--

ALTER TABLE ONLY project1.ers_users
    ADD CONSTRAINT ers_users_unv1 UNIQUE (ers_username, user_email);


--
-- Name: ers_reimbursement ers_reimbursement_status_fk; Type: FK CONSTRAINT; Schema: project1; Owner: postgres
--

ALTER TABLE ONLY project1.ers_reimbursement
    ADD CONSTRAINT ers_reimbursement_status_fk FOREIGN KEY (reimb_status_id) REFERENCES project1.ers_reimbursement_status(reimb_status_id) NOT VALID;


--
-- Name: ers_reimbursement ers_reimbursement_type_fk; Type: FK CONSTRAINT; Schema: project1; Owner: postgres
--

ALTER TABLE ONLY project1.ers_reimbursement
    ADD CONSTRAINT ers_reimbursement_type_fk FOREIGN KEY (reimb_type_id) REFERENCES project1.ers_reimbursement_type(reimb_type_id) NOT VALID;


--
-- Name: ers_reimbursement ers_users_fk_auth; Type: FK CONSTRAINT; Schema: project1; Owner: postgres
--

ALTER TABLE ONLY project1.ers_reimbursement
    ADD CONSTRAINT ers_users_fk_auth FOREIGN KEY (reimb_author) REFERENCES project1.ers_users(ers_users_id) NOT VALID;


--
-- Name: ers_reimbursement ers_users_fk_reslvr; Type: FK CONSTRAINT; Schema: project1; Owner: postgres
--

ALTER TABLE ONLY project1.ers_reimbursement
    ADD CONSTRAINT ers_users_fk_reslvr FOREIGN KEY (reimb_resolver) REFERENCES project1.ers_users(ers_users_id) NOT VALID;


--
-- Name: ers_users users_roles_fk; Type: FK CONSTRAINT; Schema: project1; Owner: postgres
--

ALTER TABLE ONLY project1.ers_users
    ADD CONSTRAINT users_roles_fk FOREIGN KEY (user_role_id) REFERENCES project1.ers_user_roles(ers_user_role_id);


--
-- PostgreSQL database dump complete
--

